r5-new-business	File:Boulangerie 64 rue Saint-Dominique Paris 7e.jpg
r5-address-change	File:Typical Paris Apartment.jpg
r5-child-passport	File:Paris TGV trains gare de l'Est P1260789.jpg
r5-military-service	File:Paris, Hôtel de Ville -- 2014 -- 1714.jpg
r5-child-future	File:Marché Provencal Antibes 13.jpg
r5-social-security	File:Aiguille et Porte d´Aval.jpg
r5-national-park	File:Lavender field near Valensole.jpg
r5-veteran-care	File:Paris - Basilique du Sacré-Cœur de Montmartre - 2025-09-30 23-31-57 001.jpg
r5-name-change	File:Château de Chenonceau - Façade Ouest et Tour des Marques reflets.jpg
r5-medicare	File:Vieux-Port de Marseille, France.jpg
r5-new-job	File:La Défense depuis Neuilly.jpg
r5-passport	File:Mont St Michel during low tide (cropped).jpg
r5-family	File:Tour Eiffel et Trocadero p2.JPG
r5-privacy	File:Dents de Lanfon - 230.jpg
r5-housing	File:Ill river @ Petite France @ Grande Ile @ Strasbourg (45618833621).jpg
r5-house1	File:IleFeydeau2.jpg
r5-house2	File:Haussmannian building (28285608446).jpg
r5-house3	File:Les Volontaires Bar, Rue de Vaugirard, Paris 2010-04-24.jpg
r5-house4	File:5 of 10 - La Petite France, Strasbourg - FRANCE.jpg
r5-house5	File:Little Venice in Colmar 01.jpg
r5-passport-cover	File:French Passport Cover Image.png
